method,dataset,log_size,elapsed_time,peak_memory,iteration_no
Drain,HDFS,2,0:00:00.524052,3.29845,1
Drain,HDFS,2,0:00:00.516093,3.298324,2
Drain,HDFS,2,0:00:00.496393,3.298513,3
Drain,HDFS,2,0:00:00.564201,3.298005,4
Drain,HDFS,2,0:00:00.543437,3.298455,5
Drain,HDFS,4,0:00:01.029743,6.070658,1
Drain,HDFS,4,0:00:01.025902,6.070852,2
Drain,HDFS,4,0:00:01.025229,6.070973,3
Drain,HDFS,4,0:00:01.029791,6.070973,4
Drain,HDFS,4,0:00:01.022913,6.071036,5
